	Unnamed: 0	Gene_symbol	Mutant_peptide	Chrom_pos	Validation_outcome	N/A	membrane	cytosol	nucleus	secretory-pathway	mitochondrion	extracellular	Ensemble_ID	New_Gene_ID
1	1	FLG	GIGHGQASSAVRYSGHRGSSGSQAS	chr1:152280293	0	0	0	0	0	0	0	0	ENSG00000237975	FLG-AS1
24	24	ITPR2	KQRLGFLGSNTPQVNHHMPPH	chr12:26492357	0	0	0	0	0	0	0	0	ENSG00000255968	RP11-513G19.1
29	29	TUBA1A	VDLTEFQTNLVPHPRIHFPLATYAP	chr12:49522313	0	0	0	0	0	0	0	0	ENSG00000258017	RP11-386G11.10
39	39	AL445989.1	YGSGYSCGYGSGYGCGYGTGFGCGY	chr13:64321184	0	0	0	0	0	0	0	0	ENSG00000226974	AL445989.1
58	58	LINC00273	PAGSSPDSEGGGVGHTVGDEPPSVP	chr16:33961281	0	0	0	0	0	0	0	0	ENSG00000256642	LINC00273
77	77	CDC42EP3	KAHLGQFPGHNELFRANSTSDSVFT	chr2:37873479	0	0	0	0	0	0	0	0	ENSG00000236213	AC006369.2
94	94	TTC28	GEQLISRAVKNMFGMLHQVLVQLQA	chr22:28386785	0	0	0	0	0	0	0	0	ENSG00000235954	TTC28-AS1
96	96	C22orf34	QRKISMMPAGVSIEEGAKKMSNGQA	chr22:50014276	0	0	0	0	0	0	0	0	ENSG00000188511	C22orf34
106	106	FSTL5	LHKDEAALQKIDFETMSYIKTINLK	chr4:162307552	0	0	0	0	0	0	0	0	ENSG00000249568	RP11-234O6.2
107	107	DUX4L4	QGSPWWGWGRGPPVAGAAWEPQAGE	chr4:191003222	0	0	0	0	0	0	0	0	ENSG00000258834	DUX4L4
113	113	DHX29	NPFYQKYSSRTQYAILYMNPHKINL	chr5:54570763	0	0	0	0	0	0	0	0	ENSG00000251307	RP11-506H20.1
137	137	BC215	GLTAASRDQVPARLPAACVRPSSSV	chr7:56879806	0	0	0	0	0	0	0	0	0	0
154	154	X97876	CHLQTQLCTPGLHTTSHCHVNPFPG	chr9:66499654	0	0	0	0	0	0	0	0	0	0
155	155	X97876	PGLRTTSHCHVNTFPGQCVLGLEPN	chr9:66499680	0	0	0	0	0	0	0	0	0	0
161	161	FLG	YESTRKENLPISAHKHRKHSHHDKH	chr1:152287069	0	0	0	0	0	0	0	0	ENSG00000237975	FLG-AS1
208	208	GAS2L2	SPQSSSTQKGRDSQCTSSGKREERY	chr17:34073333	0	0	0	0	0	0	0	0	ENSG00000132139	GAS2L2
219	219	ZNF571	YIQHQRIQTGEKAYECMECGKAFGR	chr19:38056750	0	0	0	0	0	0	0	0	ENSG00000267470	ZNF571-AS1
225	225	TTN	RPIKPPGPPINPNLKDKSRETADLV	chr2:179455315	0	0	0	0	0	0	0	0	ENSG00000237298	TTN-AS1
234	234	PCBP1	TNSTAASRPPVTQRLVVPATQCGSL	chr2:70315174	0	0	0	0	0	0	0	0	ENSG00000179818	PCBP1-AS1
281	281	SGK223	QVCTGNAWAQKAVSGWGRDSPDPTP	chr8:8234558	0	0	0	0	0	0	0	0	ENSG00000182319	SGK223
291	291	ZNF645	LQDRDHLSYIPPQQHTMVSLPSVQH	chrX:22291655	0	0	0	0	0	0	0	0	ENSG00000233067	RP11-40F8.2
297	297	PRAMEF11	QAVLDGLDALLTHGVRPRRWKLQVL	chr1:12888371	0	0	0	0	0	0	0	0	ENSG00000204513	PRAMEF11
299	299	HRNR	YGRHGSGSGRSSTSGQHGSGLGESS	chr1:152189237	0	0	0	0	0	0	0	0	ENSG00000237975	FLG-AS1
314	314	AGO3	PCLQVGQEQKHTSLPLEVCNIVAGQ	chr1:36474632	0	0	0	0	0	0	0	0	ENSG00000271554	RP4-665N4.8
322	322	RBP3	GPRYSTQRGVYLFTSHRTATAAEEF	chr10:48389260	0	0	0	0	0	0	0	0	ENSG00000107618	RBP3
324	324	AGAP11	MTLKFVTLEIHHHITER	chr10:88761486	0	0	0	0	0	0	0	0	ENSG00000271880	RP11-96C23.5
337	337	PRB2	GKPQGPPPQGGNKPQGPPPPPGKPQ	chr12:11546072	0	0	0	0	0	0	0	0	ENSG00000251655	PRB1
347	347	ENSG0259658	PSPRGLAARCCVPEGLIVQSRRQES	chr15:102284675	0	0	0	0	0	0	0	0	ENSG00000259658	RP11-89K11.1
362	362	C17orf97	DPEALKGFHPDPEALKGFHPDPEAL	chr17:263622	0	0	0	0	0	0	0	0	ENSG00000241525	AC108004.3
377	377	FCGBP	SPCLPPPTCPPGNEGCIPSEECPPE	chr19:40392588	0	0	0	0	0	0	0	0	ENSG00000090920	FCGBP
421	421	PABPC4L	LADAQKALDTMNVDIIKGKSIRLMW	chr4:135121958	0	0	0	0	0	0	0	0	ENSG00000254535	PABPC4L
436	436	HIST1H2AE	LELAGNAARDNKNTRIIPRHLQLAI	chr6:26217430	0	0	0	0	0	0	0	0	ENSG00000168274	HIST1H2AE
477	477	DUX4L3	STLPAEARGRGRLRRLVWTPSQSEA	chr10:135487335	0	0	0	0	0	0	0	0	ENSG00000258434	DUX4L11
486	486	OR5L1	ATVFYTVVIPMLSSVIYSLRNKDVK	chr11:55579799	0	0	0	0	0	0	0	0	ENSG00000186117	OR5L1
495	495	C1QTNF9B	AKGDKGDAGEPGRPGSPGKDGTSGE	chr13:24468329	0	0	0	0	0	0	0	0	ENSG00000205861	C1QTNF9B-AS1
497	497	POTEG	MVAEAGLMPAASSVKKPFG	chr14:19553436	0	0	0	0	0	0	0	0	ENSG00000222036	POTEG
507	507	CHST6	MWLPRVSSTAVTTLLLAQTFLLLFL	chr16:75513690	0	0	0	0	0	0	0	0	ENSG00000203472	RP11-77K12.4
517	517	ZNF433	KALMFLSLYLIHTRTHTGEKPYQCK	chr19:12127032	0	0	0	0	0	0	0	0	ENSG00000219665	CTD-2006C1.2
529	529	LILRA3	PLDILITGQIRATPFLSVRPGPTVA	chr19:54802214	0	0	0	0	0	0	0	0	ENSG00000170866	LILRA3
554	554	ABLIM3	YQVFGMTISEFDWLALWKRNELKKQ	chr5:148637914	0	0	0	0	0	0	0	0	ENSG00000253406	AC012613.2
555	555	AK9	KGSEYTRKKYKKNMEQFMESCELIT	chr6:109814725	0	0	0	0	0	0	0	0	ENSG00000223537	RP5-919F19.5
557	557	HIST1H3B	FKTDLRFQSSAVIALQEACEAYLVG	chr6:26032016	0	0	0	0	0	0	0	0	ENSG00000124693	HIST1H3B
602	602	NBPF10	KLREGRDASRSLNEHLQALLTPDEP	chr1:145296448	0	0	0	0	0	0	0	0	ENSG00000255168	RP11-458D21.5
603	603	FLG	ASQDGQDTIRGHLGSSRRGRQGSHH	chr1:152284828	0	0	0	0	0	0	0	0	ENSG00000237975	FLG-AS1
626	626	ENSG0198561	MANGTLPRRHQDHSHLLYS	chr11:57559131	0	0	0	0	0	0	0	0	ENSG00000254732	RP11-691N7.6
627	627	CTNND1	MANGTLPRRHQNGRFVGDA	chr11:57559131	0	0	0	0	0	0	0	0	ENSG00000254732	RP11-691N7.6
628	628	CTNND1	QDANPLMANGTLPRRHQNGRFVGDA	chr11:57559131	0	0	0	0	0	0	0	0	ENSG00000254732	RP11-691N7.6
632	632	PRB2	GKPQGPPPQGGNKPQGPPPPPGKPQ	chr12:11546444	0	0	0	0	0	0	0	0	ENSG00000251655	PRB1
635	635	CCDC168	QEVQPQTLSTQTSLENSPCPMMDPF	chr13:103400144	0	0	0	0	0	0	0	0	0	0
643	643	OR4N4	KRLLSRHVVCQVHFIIRN	chr15:22383403	0	0	0	0	0	0	0	0	ENSG00000259176	RP11-69H14.6
648	648	LOC645752	EQEEMIREQEEMIREQEAQRVRELE	chr15:78211427	0	0	0	0	0	0	0	0	ENSG00000260776	RP11-114H24.2
649	649	LINC00273	EGGGAGHTVGDERPSVPTAEDSLKR	chr16:33961257	0	0	0	0	0	0	0	0	ENSG00000256642	LINC00273
653	653	LOC283922	EVRGPPPLPSPPPPHCGVPVLPAAR	chr16:74366430	0	0	0	0	0	0	0	0	ENSG00000259972	AC009120.6
703	703	AK126213	IHRYTYMCIFIYT	chr5:38820839	0	0	0	0	0	0	0	0	ENSG00000249740	CTD-2127H9.1
709	709	HIST1H2BE	TKAQKKDGKKRKPSRKESYSVYVYK	chr6:26184118	0	0	0	0	0	0	0	0	ENSG00000197697	HIST1H2BE
726	726	AK128833	HLHSVSLSPPAQRLGAAASPPAQRQ	chr1:1111387	0	0	0	0	0	0	0	0	ENSG00000205231	TTLL10-AS1
730	730	NBPF12	CKDLIKSMLRNERQFKEEKLAEQLK	chr1:146403703	0	0	0	0	0	0	0	0	ENSG00000186275	NBPF12
731	731	FLG	RDGSRHPGSSHRNTASHVQSSPVQS	chr1:152275640	0	0	0	0	0	0	0	0	ENSG00000237975	FLG-AS1
732	732	FLG	QARSSPGERHGSHHQQSADSSRHSG	chr1:152283283	0	0	0	0	0	0	0	0	ENSG00000237975	FLG-AS1
742	742	OBSCN	AARPRDGGTYEVCAENPLGAASAAA	chr1:228400037	0	0	0	0	0	0	0	0	ENSG00000162913	C1orf145
753	753	EBLN1	PQDSTKDGSSFHCFQGRFELSGKSR	chr10:22498839	0	0	0	0	0	0	0	0	ENSG00000223601	EBLN1
754	754	LOC399753	GGSLNNYSSSIPLTPSTSQEDPQFS	chr10:49219597	0	0	0	0	0	0	0	0	ENSG00000179296	CTGLF12P
755	755	LOC399753	VTVEVGEDLHMHHVRDREMPEALEF	chr10:49239419	0	0	0	0	0	0	0	0	ENSG00000179296	CTGLF12P
762	762	KRTAP5-1	CGKGGCGSSGGSRGGCGSCGGCKGG	chr11:1606253	0	0	0	0	0	0	0	0	ENSG00000233930	KRTAP5-AS1
767	767	SLC22A20	MPTRGRTVAGIFLGYSFTLGQLIL	chr11:64988513	0	0	0	0	0	0	0	0	ENSG00000197847	SLC22A20
770	770	LOC64337	EEEQPPPPAGLGGGARGEPGRGPLE	chr11:94245788	0	0	0	0	0	0	0	0	ENSG00000257057	LINC01171
774	774	OAS3	QSVDFDVLPAFDVLGQLVSGSRPSS	chr12:113403829	0	0	0	0	0	0	0	0	ENSG00000257452	RP1-71H24.1
775	775	PRB1	KPQGPPPQGDKSQSPRSPPGKPQGP	chr12:11506591	0	0	0	0	0	0	0	0	ENSG00000251655	PRB1
802	802	LOC645752	KEDRLQKQEERLALFQNHKLDKQLA	chr15:78211171	0	0	0	0	0	0	0	0	ENSG00000260776	RP11-114H24.2
806	806	SSTR5-AS1	PGGNRTACRSCLCGGCAALNCPRLF	chr16:1115831	0	0	0	0	0	0	0	0	ENSG00000261713	SSTR5-AS1
815	815	C17orf97	RLDRRGGAGTMGDKDNDGEEEEREG	chr17:260275	0	0	0	0	0	0	0	0	ENSG00000241525	AC108004.3
816	816	C17orf97	FHIDPEALKGFHTDPKALKGFHPDP	chr17:263523	0	0	0	0	0	0	0	0	ENSG00000241525	AC108004.3
827	827	ENSG0173213	VAGQCGAGNNWAEGRYTEGAELTES	chr18:48418	0	0	0	0	0	0	0	0	ENSG00000173213	RP11-683L23.1
838	838	ZNF812	IFEGNCYGKDILIVHKEASIGQELS	chr19:9801805	0	0	0	0	0	0	0	0	ENSG00000224689	ZNF812
844	844	MARS2	NFRIYKALEAVSRCVRQTNGFVQRH	chr2:198571563	0	0	0	0	0	0	0	0	ENSG00000222017	AC011997.1
847	847	PRR21	DPDCVDRLLQCTQQAVPLFSVLKLL	chr2:240982213	0	0	0	0	0	0	0	0	ENSG00000221961	PRR21
848	848	PRR21	LFPHGSSTALHPRPFIHGSSPMALH	chr2:240982285	0	0	0	0	0	0	0	0	ENSG00000221961	PRR21
849	849	BC101234	MGMSALTECPRHCPP	chr2:242946007	0	0	0	0	0	0	0	0	ENSG00000233806	AC131097.3
873	873	SDHAP2	AFGGHSLKFGKGGQAHRCCCVADRT	chr3:195391050	0	0	0	0	0	0	0	0	ENSG00000242086	LINC00969
874	874	SDHAP2	VADRTGHSILHTSYGRSLRYDTSCF	chr3:195391111	0	0	0	0	0	0	0	0	ENSG00000242086	LINC00969
886	886	TUBB4Q	WAKGRYTEGAELMESVMDVVRKEAE	chr4:190904645	0	0	0	0	0	0	0	0	ENSG00000251297	TUBB7P
902	902	HGC6.3	VFSSPHTAGGMTSTVFSSPHTAGGM	chr6:168377029	0	0	0	0	0	0	0	0	ENSG00000235994	RP3-470B24.5
906	906	TNXB	RETSAKVNWMPPRSRADSFKVSYQL	chr6:31978977	0	0	0	0	0	0	0	0	ENSG00000248290	TNXA
923	923	MROH5	MLVAICRHSWRVGAQHLETELLTGV	chr8:142500303	0	0	0	0	0	0	0	0	ENSG00000226807	MROH5
927	927	OR13C5	TLIILSIFKISSLEGRSKPSSTCSA	chr9:107361003	0	0	0	0	0	0	0	0	ENSG00000255800	OR13C5
945	945	NBPF10	KLREGRDASRSLNEHLQALLTPDEP	chr1:145296448	0	0	0	0	0	0	0	0	ENSG00000255168	RP11-458D21.5
946	946	NBPF12	CKDLIKSMLRNERQFKEEKLAEQLK	chr1:146403703	0	0	0	0	0	0	0	0	ENSG00000186275	NBPF12
947	947	HRNR	GRQGSGSGQSPSHGRHGSGLGHSSS	chr1:152186141	0	0	0	0	0	0	0	0	ENSG00000237975	FLG-AS1
948	948	HRNR	RHGSGLGHSSSHSQHGSGSGRSSSR	chr1:152190330	0	0	0	0	0	0	0	0	ENSG00000237975	FLG-AS1
964	964	LOC399753	IKSTREEKERWIRSKYEEKLFLAPL	chr10:49218553	0	0	0	0	0	0	0	0	ENSG00000179296	CTGLF12P
968	968	KRTAP5-4	SSCGSCGGSKGGCGSCGGSKGGCVS	chr11:1643082	0	0	0	0	0	0	0	0	ENSG00000241598	KRTAP5-4
984	984	PRB2	GPPPQGDNKSQSPRSPPGKPQGPPP	chr12:11546309	0	0	0	0	0	0	0	0	ENSG00000251655	PRB1
1001	1001	GOLGA8DP	LGKERLEAASQQNQQLTAQLSLMAL	chr15:22707249	0	0	0	0	0	0	0	0	ENSG00000185182	GOLGA8DP
1003	1003	MAGEL2	IRQAPPVIRQAPPVIRQAPPVIRQA	chr15:23891503	0	0	0	0	0	0	0	0	0	0
1009	1009	LOC645752	AAREGSPHDNPTVQQIVQLSPVMQD	chr15:78207569	0	0	0	0	0	0	0	0	ENSG00000260776	RP11-114H24.2
1011	1011	LINC00273	PAGSSPDSEGGGVGHTVGDEPPSVP	chr16:33961281	0	0	0	0	0	0	0	0	ENSG00000256642	LINC00273
1012	1012	LINC00273	SLRALHADPIPSRLSPGPCGAPPTW	chr16:33962032	0	0	0	0	0	0	0	0	ENSG00000256642	LINC00273
1013	1013	C16orf96	AIAAAAAAAYAAVTSSAAQAAKVAA	chr16:4626223	0	0	0	0	0	0	0	0	ENSG00000205832	C16orf96
1055	1055	ENSG0149531	KDGFLHETLLDRGPN	chr20:29633900	0	0	0	0	0	0	0	0	ENSG00000149531	FRG1B
1074	1074	TUBB4Q	WAKGRYTEGAELMESVMDVVRKEAE	chr4:190904645	0	0	0	0	0	0	0	0	ENSG00000251297	TUBB7P
1076	1076	DUX2	GGHPAPSWVAFAQTGEWGTGLPAPH	chr4:190989635	0	0	0	0	0	0	0	0	ENSG00000250537	DUX4L8
1077	1077	ENSG0258834	QPGPAQAGPQGQRVLAPPTSQGSPW	chr4:191003161	0	0	0	0	0	0	0	0	ENSG00000258834	DUX4L4
1078	1078	ENSG0258834	GVLAPPTSQGSPSWGWGRGPQVAGA	chr4:191003198	0	0	0	0	0	0	0	0	ENSG00000258834	DUX4L4
1079	1079	ENSG0258834	GVLAPPTSQGSPCWGWGRGPQVAGA	chr4:191003199	0	0	0	0	0	0	0	0	ENSG00000258834	DUX4L4
1080	1080	ENSG0258834	APPTSQGSPWWGCGRGPQVAGAAWE	chr4:191003208	0	0	0	0	0	0	0	0	ENSG00000258834	DUX4L4
1081	1081	ENSG0258834	PTSQGSPWWGWGWGPQVAGAAWEPQ	chr4:191003212	0	0	0	0	0	0	0	0	ENSG00000258834	DUX4L4
1082	1082	ENSG0258834	QGSPWWGWGRGPEVAGAAWEPQAGE	chr4:191003221	0	0	0	0	0	0	0	0	ENSG00000258834	DUX4L4
1083	1083	ENSG0258834	WGWGRGPQVAGASWEPQAGEAPPPQ	chr4:191003236	0	0	0	0	0	0	0	0	ENSG00000258834	DUX4L4
1085	1085	DSPP	NSSNSSDSSDSSNSSDSSSSSDSSN	chr4:88535831	0	0	0	0	0	0	0	0	ENSG00000249001	RP11-742B18.1
1086	1086	DSPP	DSSDSSDSSDSSGSSNSSDSSDSSD	chr4:88537170	0	0	0	0	0	0	0	0	ENSG00000249001	RP11-742B18.1
1094	1094	LINC00602	VPPSLLSIWGSRVKLHPAPWAPMKT	chr6:166401342	0	0	0	0	0	0	0	0	ENSG00000223414	LINC00473
1095	1095	LINC00473	WSSWAPKALGAALPETPRWKGGKEE	chr6:166401342	0	0	0	0	0	0	0	0	ENSG00000223414	LINC00473
1114	1114	SPDYE6	RKNRSRIPLLRKHRFQLYRSMNSRA	chr7:101988863	0	0	0	0	0	0	0	0	ENSG00000166667	SPDYE6
1117	1117	CDC14C	VENQDQQEPKPYGDDDEINGVTQGD	chr7:48965427	0	0	0	0	0	0	0	0	ENSG00000218305	AC006024.4
1125	1125	MGC21881	RISEVPRRACLHRRDASSIKCCFP	chr9:41954521	0	0	0	0	0	0	0	0	0	0
1126	1126	MGC21881	RISEVPRRACLHRRDASSVWPPPER	chr9:41954521	0	0	0	0	0	0	0	0	0	0
1127	1127	X97876	SGIEFLPCHVSILFPGRGSNALQVV	chr9:66499549	0	0	0	0	0	0	0	0	0	0
1128	1128	WASH6P	GKAKLRSMKERKVEKKKQKEQEQVR	chrX:155253904	0	0	0	0	0	0	0	0	ENSG00000270726	AJ271736.10
1131	1131	FLG	SERWSGSASRNHHGSAWEQSRDGSR	chr1:152281534	0	0	0	0	0	0	0	0	ENSG00000237975	FLG-AS1
1153	1153	GOLGA8EP	CCVPFFCWAWLPGRRR	chr15:23445448	0	0	0	0	0	0	0	0	ENSG00000175676	GOLGA8EP
1160	1160	LINC00273	RHRSLLLRGAGGKPARSGAGHAPDG	chr16:33961414	0	0	0	0	0	0	0	0	ENSG00000256642	LINC00273
1166	1166	KMT2B	RAGPEGTSPPTPPPSTATGGPPEDS	chr19:36211741	0	0	0	0	0	0	0	0	ENSG00000105663	KMT2B
1188	1188	C4orf51	GKGVLKHLHGRCNSESKVCSSEDSE	chr4:146653620	0	0	0	0	0	0	0	0	ENSG00000237136	C4orf51
1195	1195	HLA-H	TLLLLLSGALALALTQTWARSHSMR	chr6:29855586	0	0	0	0	0	0	0	0	ENSG00000230521	HCG4P7
1316	1316	ATP8B1	RLLLVHGRWSYIKMCKFLRYFFYKN	chr18:55322520	0	0	0	0	0	0	0	0	ENSG00000267040	RP11-35G9.3
1317	1317	ZNF32	RQRVYECQECGKFFRQKGSLTLHER	chr10:44140066	0	0	0	0	0	0	0	0	ENSG00000223910	ZNF32-AS3
1345	1345	NBPF9	VSAGPLSSEKAEINILEINEKLHPQ	chr1:144621526	0	0	0	0	0	0	0	0	ENSG00000225241	RP11-640M9.2
1362	1362	ANKDD1B	AAERGHVEMIEKPTFLNLHTSEKDK	chr5:74930784	0	0	0	0	0	0	0	0	ENSG00000189045	ANKDD1B
1366	1366	UBTF	AKKSDIPEKPKTSQQLWYTHEKKVY	chr17:42290243	0	0	0	0	0	0	0	0	ENSG00000267394	CTB-175E5.7
1391	1391	ZNF891	DQEEIRNMKKRISQAICPDQKIQPK	chr12:133698183	0	0	0	0	0	0	0	0	ENSG00000271963	CTD-2140B24.6
1392	1392	CAPN9	DQSFGPGYAGIFYFQFWQHSEWLDV	chr1:230895368	0	0	0	0	0	0	0	0	ENSG00000244137	RP11-99J16__A.2
1429	1429	N4BP1	GASSHQPRVPLFSENGLHQQPEPLL	chr16:48594990	0	0	0	0	0	0	0	0	ENSG00000261267	RP11-44I10.3
1500	1500	SAMD12	LLRLTDKKLERMRIAQENLRQHILQ	chr8:119391895	0	0	0	0	0	0	0	0	ENSG00000225885	AC023590.1
1509	1509	C12orf28	LQVPEITFCEILLCQETYCCPIRGM	chr12:70330305	0	0	0	0	0	0	0	0	ENSG00000257815	RP11-611E13.2
1513	1513	NEFL	LSVRRSYSSSSGLLMPSLENLDLSQ	chr8:24813842	0	0	0	0	0	0	0	0	ENSG00000104725	NEFL
1551	1551	CDH12	PTAPPYDSLATYVYEGSGSVAESLS	chr5:21752012	0	0	0	0	0	0	0	0	ENSG00000253766	RP11-804N13.1
1560	1560	DNAH5	QISIDFQVGPIEKSYALLNRYGLLI	chr5:13868101	0	0	0	0	0	0	0	0	ENSG00000251423	CTB-51A17.1
1585	1585	MYH8	RQLDEKDALVSQVSRSKQASTQQIE	chr17:10302156	0	0	0	0	0	0	0	0	ENSG00000272736	RP11-799N11.1
1588	1588	PDYN	RRQFKVVTRSQENPNAYSGELFDA	chr20:1961007	0	0	0	0	0	0	0	0	ENSG00000233896	RP4-684O24.5
1612	1612	DAOA	SRYTLGKIYFIGCQRSILLSKSENS	chr13:106119440	0	0	0	0	0	0	0	0	ENSG00000232307	DAOA-AS1
1617	1617	OLIG2	STSSAAASSTKKGKKQMTEPELQQL	chr21:34399460	0	0	0	0	0	0	0	0	ENSG00000227757	AP000282.2
1625	1625	TTN	TLECTVAGTPELNTKWFKDGKELTS	chr2:179578806	0	0	0	0	0	0	0	0	ENSG00000237298	TTN-AS1
1626	1626	SLC5A4	TMPEYLKKRFGGKRLQVYLSILSLF	chr22:32643460	0	0	0	0	0	0	0	0	ENSG00000242082	RP1-90G24.10
1632	1632	PMS2CL	TSDAISDKGVLRLQKEAVSSSQGPS	chr7:6776971	0	0	0	0	0	0	0	0	ENSG00000187953	PMS2CL
1649	1649	CHRM2	VSAVASNMRDDEKTQDENTVSTSLG	chr7:136700514	0	0	0	0	0	0	0	0	ENSG00000234352	hsa-mir-490
1659	1659	C3orf56	WTPASSAPRAAVKGPSRGAPYLKTC	chr3:126916039	0	0	0	0	0	0	0	0	ENSG00000214324	C3orf56
1669	1669	SDHAP2	AKNTIVATGLRAQLLELHVCPHQHQ	chr3:195395402	0	0	0	0	0	0	0	0	ENSG00000242086	LINC00969
1675	1675	ATF5	DFFLDAPPLPPPPPPPLPPPPLPPA	chr19:50435876	0	0	0	0	0	0	0	0	ENSG00000269179	CTC-326K19.6
1677	1677	LOC150776	DTSGSYTANDLDKMGQDSVRKTDEY	chr2:132276779	0	0	0	0	0	0	0	0	ENSG00000152117	AC093838.4
1701	1701	FAM115C	KMLRGSGLPAVSQENPVASDSYEAA	chr7:143507895	0	0	0	0	0	0	0	0	ENSG00000253882	RP11-61L23.2
1728	1728	PCDHB17	PAFTQTSYTLFVCENNSPALHIGSV	chr5:140536960	0	0	0	0	0	0	0	0	ENSG00000255622	PCDHB17
1730	1730	ENSG00000228532	PKEGVKTENNDHNNLKVAGQDGSVV	chrX:114953497	0	0	0	0	0	0	0	0	ENSG00000228532	RP1-241P17.4
1752	1752	MLLT6	SPLLGAGIYTSNEDPISHSGGMLRA	chr17:36873702	0	0	0	0	0	0	0	0	ENSG00000108292	MLLT6
1753	1753	PI15	SQNDMIAILDYHKQVRGKVFPPAAN	chr8:75737709	0	0	0	0	0	0	0	0	ENSG00000253706	RP11-758M4.4
1802	1802	ACSL5	GIFAQNRPEWIIFELACYTYSMVAV	chr10:114168190	0	0	0	0	0	0	0	0	ENSG00000232934	RP11-324O2.3
1827	1827	FAM90A27P	MQEAWKKPAEDCLFLRHPT	chr19:53786141	0	0	0	0	0	0	0	0	ENSG00000189348	FAM90A27P
1828	1828	CDKN2B	MRKENKGMPSGGGSD	chr9:22008946	0	0	0	0	0	0	0	0	ENSG00000240498	CDKN2B-AS1
1831	1831	CDKN2B	NKGMPSGGGSDERLASAAARGLVEK	chr9:22008904	0	0	0	0	0	0	0	0	ENSG00000240498	CDKN2B-AS1
1842	1842	EP400	RKGGKISFCAHTSLNCMFGFFCFVK	chr12:132561021	0	0	0	0	0	0	0	0	0	0
1860	1860	TTN	TDIKAESCYLTWNAPLDNGGSEITH	chr2:179469557	0	0	0	0	0	0	0	0	ENSG00000237298	TTN-AS1
1866	1866	OR13C5	VQLPFCRNNIINYFTCEILAVMKLA	chr9:107361169	0	0	0	0	0	0	0	0	ENSG00000255800	OR13C5
1867	1867	AP4B1	WLSLKVAHQQVLSWRGEFHPDTLQM	chr1:114437968	0	0	0	0	0	0	0	0	ENSG00000226167	AP4B1-AS1
1954	1954	GPR179	SADGGGLS	chr17:36485470	0	0	0	0	0	0	0	0	ENSG00000188888	GPR179
1987	1987	GPR179	SADGGGLS	chr17:36485470	0	0	0	0	0	0	0	0	ENSG00000188888	GPR179
2020	2020	GPR179	SADGGGLS	chr17:36485470	0	0	0	0	0	0	0	0	ENSG00000188888	GPR179
2053	2053	GPR179	SADGGGLS	chr17:36485470	0	0	0	0	0	0	0	0	ENSG00000188888	GPR179
2115	2115	OR4N4	FFCDVQQVIKL	chr15:22383017	0	0	0	0	0	0	0	0	ENSG00000259176	RP11-69H14.6
2167	2167	OR4N4	FFCDVQQVIKL	chr15:22383017	0	0	0	0	0	0	0	0	ENSG00000259176	RP11-69H14.6
2219	2219	OR4N4	FFCDVQQVIKL	chr15:22383017	0	0	0	0	0	0	0	0	ENSG00000259176	RP11-69H14.6
2271	2271	OR4N4	FFCDVQQVIKL	chr15:22383017	0	0	0	0	0	0	0	0	ENSG00000259176	RP11-69H14.6
2410	2410	ENTPD3	KTWPQIHFE	chr3:40465422	0	0	0	0	0	0	0	0	ENSG00000223797	ENTPD3-AS1
2478	2478	ENTPD3	KTWPQIHFEK	chr3:40465422	0	0	0	0	0	0	0	0	ENSG00000223797	ENTPD3-AS1
2543	2543	PCOLCE	LLLTACALL	chr7:100200114	0	0	0	0	0	0	0	0	ENSG00000224729	PCOLCE-AS1
2553	2553	PCOLCE	SLLGLLLTA	chr7:100200114	0	0	0	0	0	0	0	0	ENSG00000224729	PCOLCE-AS1
2600	2600	CELF3	VLQFGAYSA	chr1:151680305	0	0	0	0	0	0	0	0	ENSG00000227045	RP11-98D18.1
2615	2615	CELF3	QLGMFSPIV	chr1:151680305	0	0	0	0	0	0	0	0	ENSG00000227045	RP11-98D18.1
2674	2674	PCOLCE	GLLLTACALL	chr7:100200114	0	0	0	0	0	0	0	0	ENSG00000224729	PCOLCE-AS1
2701	2701	CELF3	VLQFGAYSAY	chr1:151680305	0	0	0	0	0	0	0	0	ENSG00000227045	RP11-98D18.1
2708	2708	PCOLCE	SLLGLLLTAC	chr7:100200114	0	0	0	0	0	0	0	0	ENSG00000224729	PCOLCE-AS1
2711	2711	CELF3	TQLGMFSPIV	chr1:151680305	0	0	0	0	0	0	0	0	ENSG00000227045	RP11-98D18.1
2719	2719	CELF3	QLGMFSPIVL	chr1:151680305	0	0	0	0	0	0	0	0	ENSG00000227045	RP11-98D18.1
2747	2747	MYCBP2	GINACYVSV	chr13:77655603	0	0	0	0	0	0	0	0	ENSG00000236051	MYCBP2-AS1
2764	2764	FSTL4	VIYPVDCEI	chr5:132556502	0	0	0	0	0	0	0	0	ENSG00000248245	CTB-49A3.2
2810	2810	MAGEA10	LYNGMEHLI	chrX:151303324	1	0	0	0	0	0	0	0	ENSG00000266560	RP11-1007I13.4
2822	2822	MME	NYGGIGIVI	chr3:154884770	0	0	0	0	0	0	0	0	ENSG00000240666	MME-AS1
2874	2874	NBPF14	SLDRCYSTL	chr1:148009442	0	0	0	0	0	0	0	0	ENSG00000122497	NBPF14
2898	2898	NBPF14	STLSGCLEL	chr1:148009442	0	0	0	0	0	0	0	0	ENSG00000122497	NBPF14
2901	2901	MRGPRX4	HCLSVLWPI	chr11:18195162	0	0	0	0	0	0	0	0	ENSG00000255470	RP11-113D6.6
2920	2920	SERPINA3	NLKDILLQL	chr14:95088735	0	0	0	0	0	0	0	0	ENSG00000273259	RP11-986E7.7
2928	2928	OR5L1	LLANLGIIAL	chr11:55579077	0	0	0	0	0	0	0	0	ENSG00000186117	OR5L1
2936	2936	OR5L1	NLGIIALIQV	chr11:55579077	0	0	0	0	0	0	0	0	ENSG00000186117	OR5L1
2951	2951	OR5L1	TLLANLGIIA	chr11:55579077	0	0	0	0	0	0	0	0	ENSG00000186117	OR5L1
2953	2953	MRGPRX4	AISTEHCLSV	chr11:18195162	0	0	0	0	0	0	0	0	ENSG00000255470	RP11-113D6.6
3002	3002	C15orf32	MLSILALVRV	chr15:93015571	0	0	0	0	0	0	0	0	ENSG00000183643	C15orf32
3004	3004	MYH4	GLNETIAKL	chr17:10356612	0	0	0	0	0	0	0	0	ENSG00000272736	RP11-799N11.1
3012	3012	OR6C68	AICKPLHYV	chr12:55886552	0	0	0	0	0	0	0	0	ENSG00000258763	RP11-110A12.2
3013	3013	HEATR8	ALLMCLLPL	chr1:55145703	0	0	0	0	0	0	0	0	ENSG00000271723	MROH7-TTC4
3041	3041	OR8B3	LTSMAYDCY	chr11:124266884	0	0	0	0	0	0	0	0	ENSG00000196661	OR8B3
3087	3087	OR8B4	EINPSLHTPM	chr11:124294619	0	0	0	0	0	0	0	0	ENSG00000198657	OR8B4
3122	3122	OR6C2	HMIVISIAY	chr12:55846733	0	0	0	0	0	0	0	0	ENSG00000258763	RP11-110A12.2
3126	3126	PLA2G4E	FTNFWGLLI	chr15:42284976	0	0	0	0	0	0	0	0	ENSG00000246740	CTD-2382E5.1
3134	3134	XKR5	QSARLYIVAY	chr8:6690413	0	0	0	0	0	0	0	0	ENSG00000186530	XKR5
3137	3137	CHRNA1	ESDQPDLSSF	chr2:175618443	0	0	0	0	0	0	0	0	ENSG00000236449	AC018890.6
3157	3157	NGF	HTIPQAYWTK	chr1:115829311	0	0	0	0	0	0	0	0	ENSG00000228035	RP4-663N10.1
3168	3168	TTN	ITSFIIERK	chr2:179471937	0	0	0	0	0	0	0	0	ENSG00000237298	TTN-AS1
3253	3253	TTN	SGEWTVVAQNRASRSSISVILTVEA	chr2:179642183	0	0	0	0	0	0	0	0	ENSG00000266413	RP11-88L24.4
3280	3280	BAGE2	ILVLQEPTPFRILVTSSCFVQNTLT	chr21:11058213	0	0	0	0	0	0	0	0	ENSG00000187172	BAGE2
3292	3292	CALCRL	PSEKVTKICDQDENWFRHPASNRTW	chr2:188245276	0	0	0	0	0	0	0	0	ENSG00000224063	AC007319.1
3312	3312	DACH1	SRVETSVIKERVSDSPSPAPSLEEG	chr13:72134078	0	0	0	0	0	0	0	0	ENSG00000165659	DACH1
3331	3331	FOXC2	KQGWQNSIRHNLLLNECFVKVPRDD	chr16:86601315	0	0	0	0	0	0	0	0	ENSG00000260944	RP11-463O9.5
3362	3362	LILRA3	TFLLTKEGAADSSLRLKSKRQSHKY	chr19:54802092	0	0	0	0	0	0	0	0	ENSG00000170866	LILRA3
3381	3381	MUC20	SALSVETPSYVKISGAAPVSIEAGS	chr3:195453110	0	0	0	0	0	0	0	0	ENSG00000242086	LINC00969
3439	3439	SRD5A2	MQVQCQQSSVLAGSATLVALG	chr2:31805945	0	0	0	0	0	0	0	0	ENSG00000049319	SRD5A2
3449	3449	TCRBV6S1A1N1	LCWAALCLLGADYTGAGVSQTPSNK	chr7:142247404	0	0	0	0	0	0	0	0	ENSG00000211714	TRBV7-3
3459	3459	TTN	SPARMSPGRRLEKTDESQLERLYKP	chr2:179642578	0	0	0	0	0	0	0	0	ENSG00000266413	RP11-88L24.4
3460	3460	TTN	KHSMVIKSAAFENEAKYMFEAEDKH	chr2:179642578	0	0	0	0	0	0	0	0	ENSG00000266413	RP11-88L24.4
3461	3461	TTN	DYYALHIRDTLPKDTGYYRVTATNT	chr2:179642183	0	0	0	0	0	0	0	0	ENSG00000266413	RP11-88L24.4
3492	3492	THY1	AQNTSWLLLLLLFLSLLQATDFMSL	chr11:119290158	0	0	0	0	0	0	0	0	ENSG00000245248	USP2-AS1
3551	3551	TRIOBP	QCQSPQHEPLQLSAPVCIGYRDAPR	chr22:38121888	0	0	0	0	0	0	0	0	ENSG00000100101	NOL12
3552	3552	TRIOBP	ACPYPRGSERRPKLDWRDLLGLLRA	chr22:38131009	0	0	0	0	0	0	0	0	ENSG00000100101	NOL12
3562	3562	SOX9	LSSDVISNIETFNVNEFDQYLPPNG	chr17:70119866	0	0	0	0	0	0	0	0	ENSG00000234899	SOX9-AS1
3563	3563	PRKAG1	YELEEHKIETWRKVYLQDSFKPLVC	chr12:49398903	0	0	0	0	0	0	0	0	ENSG00000257913	RP11-386G11.5
3569	3569	CDH13	GTVDTTAVLDREFPFVDNSVYTALF	chr16:83781802	0	0	0	0	0	0	0	0	ENSG00000260788	RP11-298D21.1
3610	3610	ZNF32	RQKGSLTLHERIYTGQKPFECTHCG	chr10:44140025	0	0	0	0	0	0	0	0	ENSG00000223910	ZNF32-AS3
3626	3626	BDNF	PVSKGQLKQYFYQTKCNPMGYTKEG	chr11:27679565	0	0	0	0	0	0	0	0	ENSG00000245573	BDNF-AS
3630	3630	SPPL2C	MACLGFLLLVGFLLLISTVAG	chr17:43922298	0	0	0	0	0	0	0	0	ENSG00000264589	MAPT-AS1
3649	3649	CYFIP1	QVLMGRMESVFNYAIRHTVYAALQD	chr15:22954270	0	0	0	0	0	0	0	0	ENSG00000068793	CYFIP1
3741	3741	DARC	LLPSLPLPEGWSFHLDTLGSKS	chr1:159176209	0	0	0	0	0	0	0	0	ENSG00000225670	CTA-134P22.2
3754	3754	ACACA	VMGCFSDSPPQSLTFPEAGHTSLYD	chr17:35563743	0	0	0	0	0	0	0	0	ENSG00000132142	ACACA
3798	3798	DHX29	KAGGIKKYQEYISVQTGAHADLNPF	chr5:54570829	0	0	0	0	0	0	0	0	ENSG00000251307	RP11-506H20.1
3875	3875	SP110	KCEFLLLKAYCHLQSSFFTGIPFNI	chr2:231036446	0	0	0	0	0	0	0	0	ENSG00000225963	AC009950.2
3912	3912	TBCE	FKCRHPTGGSFICPNKVNFGTDFLT	chr1:235577773	0	0	0	0	0	0	0	0	ENSG00000116957	TBCE
3922	3922	HEATR5A	LHSIFQYPNPAVFYPYIYSLASCIM	chr14:31763249	0	0	0	0	0	0	0	0	ENSG00000257831	RP11-596D21.1
3944	3944	RNASET2	EPTKPFQIILHHNHTEWVQSIGMPI	chr6:167352185	0	0	0	0	0	0	0	0	ENSG00000249141	RP11-514O12.4
3958	3958	ZNF322	TSEEKCNQRTQKKKIYNVCPRKGKK	chr9:99961750	0	0	0	0	0	0	0	0	ENSG00000159712	ANKRD18CP
4075	4075	CYP2U1	ELRQIEKDITSFFKKIIKDHQESLD	chr4:108866527	0	0	0	0	0	0	0	0	ENSG00000245293	RP11-286E11.1
4197	4197	NBPF8	TDSCQPYRSAFYILEQQRVGLAVNM	chr1:148015667	0	0	0	0	0	0	0	0	ENSG00000122497	NBPF14
4286	4286	SMG8	AVAEGNRTEAGSRDYSLLQAYYSQE	chr17:57287810	0	0	0	0	0	0	0	0	ENSG00000265303	CTD-2510F5.6
4293	4293	ATP13A2	TAQLHKSEEAKRGLRYYLFQGQRYI	chr1:17330899	0	0	0	0	0	0	0	0	ENSG00000226526	RP1-37C10.3
4295	4295	ATP13A2	KSEEAVSVGQKRGLRYYLFQGQRYI	chr1:17330899	0	0	0	0	0	0	0	0	ENSG00000226526	RP1-37C10.3
4364	4364	LOC150776	DENGKQQLPDCVMGENGLILTPLGR	chr2:132277195	0	0	0	0	0	0	0	0	ENSG00000152117	AC093838.4
4408	4408	OR4N4	SPDIQLLVFVL	chr15:22382534	0	0	0	0	0	0	0	0	ENSG00000259176	RP11-69H14.6
4425	4425	TUBBP5	EANGGRYVPR	chr9:141069921	0	0	0	0	0	0	0	0	ENSG00000159247	TUBBP5
4437	4498	ARL14EPL	DFNPETRQQKKKSRMSKMNEYFSTK	chr5:115389807	0	0	0	0	0	0	0	0	ENSG00000268223	ARL14EPL
4444	4505	DSPP	SNSSDSSDSSNSRDSSDSSDSSDGS	chr4:88536331	0	0	0	0	0	0	0	0	ENSG00000249001	RP11-742B18.1
4458	4519	LINC00115	VFHRPHPRPSWPHRAALGFGRRQSS	chr1:762525	0	0	0	0	0	0	0	0	ENSG00000225880	LINC00115
4459	4520	LIX1L	QMKQSRGADLKNWALVVYEMVPSNS	chr1:145487372	0	0	0	0	0	0	0	0	ENSG00000234222	RP11-315I20.1
4460	4521	LMOD1	PKPSPQPSPKPSTKNSPKKGGAPAA	chr1:201868580	0	0	0	0	0	0	0	0	ENSG00000223774	RP11-307B6.3
4469	4530	PCDHB3	NFEAINSYEVDIKAKDGGGLSGKST	chr5:140481191	0	0	0	0	0	0	0	0	ENSG00000272154	AC005754.7
4475	4536	PRB1	PQGPPPQGGNRPLGPPPPGKPQGPP	chr12:11506648	0	0	0	0	0	0	0	0	ENSG00000251655	PRB1
4582	4643	LHX1	YLSNSSFAK	chr17:35297786	0	0	0	0	0	0	0	0	ENSG00000132130	LHX1
4620	4681	TTN	EMIETSFSL	chr2:179612473	0	0	0	0	0	0	0	0	ENSG00000237298	TTN-AS1
4621	4682	TTN	TSFSLNIPK	chr2:179612473	0	0	0	0	0	0	0	0	ENSG00000237298	TTN-AS1
4689	4750	CCR6	FFIPLIFMI	chr6:167550402	0	0	0	0	0	0	0	0	ENSG00000272980	RP11-517H2.6
4701	4762	TRPA1	NHPVCKEHL	chr8:72951978	0	0	0	0	0	0	0	0	ENSG00000235531	RP11-383H13.1
4711	4772	FRMPD1	LLFGAKYGI	chr9:37735582	0	0	0	0	0	0	0	0	ENSG00000255872	RP11-613M10.9
4712	4773	FRMPD1	YIALLFGAK	chr9:37735582	0	0	0	0	0	0	0	0	ENSG00000255872	RP11-613M10.9
4713	4774	FRMPD1	RESYIALLF	chr9:37735582	0	0	0	0	0	0	0	0	ENSG00000255872	RP11-613M10.9
